{
  "corpus_size": 1739,
  "tp": 2835,
  "tn": 2359,
  "fp": 656,
  "fn": 193,
  "precision": 0.812088226869092,
  "recall": 0.9362615587846763,
  "f1": 0.869765301426599,
  "num_samples": 6043,
  "threshold": 0.5,
  "model_info": {
    "vocab_size": 30000,
    "embedding_dim": 128,
    "hidden_size": 256,
    "num_layers": 3,
    "dropout_rate": 0.4333006598372393,
    "dense_hidden": 32,
    "total_parameters": 7800897,
    "trainable_parameters": 7800897
  }
}