{
  "corpus_size": 12173,
  "tp": 2958,
  "tn": 2907,
  "fp": 108,
  "fn": 70,
  "precision": 0.9647749510763209,
  "recall": 0.976882430647292,
  "f1": 0.9707909419100755,
  "num_samples": 6043,
  "threshold": 0.5,
  "model_info": {
    "vocab_size": 30000,
    "embedding_dim": 128,
    "hidden_size": 256,
    "num_layers": 3,
    "dropout_rate": 0.4333006598372393,
    "dense_hidden": 32,
    "total_parameters": 7800897,
    "trainable_parameters": 7800897
  }
}