{
  "trial_index": 2,
  "trial_dir": "D:\\uni-thesis\\data\\models\\tuning\\trial_002",
  "hyperparameters": {
    "max_length": 700,
    "batch_size": 64,
    "embedding_dim": 64,
    "hidden_size": 64,
    "num_layers": 2,
    "dropout_rate": 0.22652329118126116,
    "dense_hidden": 128,
    "learning_rate": 0.00046072324477668624,
    "max_grad_norm": 1.9031126573465325,
    "num_epochs": 3
  },
  "metrics": {
    "tp": 2742,
    "tn": 2860,
    "fp": 108,
    "fn": 265,
    "precision": 0.9621052631578947,
    "recall": 0.9118722979714,
    "f1": 0.936315519890729,
    "num_samples": 5975,
    "threshold": 0.5,
    "model_info": {
      "vocab_size": 30000,
      "embedding_dim": 64,
      "hidden_size": 64,
      "num_layers": 2,
      "dropout_rate": 0.22652329118126116,
      "dense_hidden": 128,
      "total_parameters": 2102529,
      "trainable_parameters": 2102529
    }
  },
  "score": 0.936315519890729,
  "score_metric": "f1"
}