{
  "trial_index": 7,
  "trial_dir": "D:\\uni-thesis\\data\\models\\tuning\\trial_007",
  "hyperparameters": {
    "max_length": 700,
    "batch_size": 64,
    "embedding_dim": 64,
    "hidden_size": 128,
    "num_layers": 2,
    "dropout_rate": 0.2233274607700207,
    "dense_hidden": 64,
    "learning_rate": 0.0006657761748294035,
    "max_grad_norm": 2.208869163841668,
    "num_epochs": 2
  },
  "metrics": {
    "tp": 2931,
    "tn": 2806,
    "fp": 162,
    "fn": 76,
    "precision": 0.9476236663433559,
    "recall": 0.9747256401729298,
    "f1": 0.960983606557377,
    "num_samples": 5975,
    "threshold": 0.5,
    "model_info": {
      "vocab_size": 30000,
      "embedding_dim": 64,
      "hidden_size": 128,
      "num_layers": 2,
      "dropout_rate": 0.2233274607700207,
      "dense_hidden": 64,
      "total_parameters": 2530433,
      "trainable_parameters": 2530433
    }
  },
  "score": 0.960983606557377,
  "score_metric": "f1"
}