{
  "trial_index": 20,
  "trial_dir": "D:\\uni-thesis\\data\\models\\tuning\\trial_020",
  "hyperparameters": {
    "max_length": 700,
    "batch_size": 32,
    "embedding_dim": 256,
    "hidden_size": 256,
    "num_layers": 2,
    "dropout_rate": 0.35595404004362285,
    "dense_hidden": 32,
    "learning_rate": 6.686617013167986e-05,
    "max_grad_norm": 2.077757393175247,
    "num_epochs": 2
  },
  "metrics": {
    "tp": 2746,
    "tn": 2935,
    "fp": 80,
    "fn": 282,
    "precision": 0.9716914366595896,
    "recall": 0.9068692206076618,
    "f1": 0.9381619405534677,
    "num_samples": 6043,
    "threshold": 0.5,
    "model_info": {
      "vocab_size": 30000,
      "embedding_dim": 256,
      "hidden_size": 256,
      "num_layers": 2,
      "dropout_rate": 0.35595404004362285,
      "dense_hidden": 32,
      "total_parameters": 10326081,
      "trainable_parameters": 10326081
    }
  },
  "score": 0.9381619405534677,
  "score_metric": "f1"
}