{
  "corpus_size": 10434,
  "tp": 2910,
  "tn": 2946,
  "fp": 69,
  "fn": 118,
  "precision": 0.9768378650553877,
  "recall": 0.9610303830911493,
  "f1": 0.968869652072582,
  "num_samples": 6043,
  "threshold": 0.5,
  "model_info": {
    "vocab_size": 30000,
    "embedding_dim": 128,
    "hidden_size": 256,
    "num_layers": 3,
    "dropout_rate": 0.4333006598372393,
    "dense_hidden": 32,
    "total_parameters": 7800897,
    "trainable_parameters": 7800897
  }
}