{
  "corpus_size": 8695,
  "tp": 2936,
  "tn": 2888,
  "fp": 127,
  "fn": 92,
  "precision": 0.9585373816519752,
  "recall": 0.9696169088507266,
  "f1": 0.964045312756526,
  "num_samples": 6043,
  "threshold": 0.5,
  "model_info": {
    "vocab_size": 30000,
    "embedding_dim": 64,
    "hidden_size": 64,
    "num_layers": 2,
    "dropout_rate": 0.4948275322312652,
    "dense_hidden": 32,
    "total_parameters": 2090049,
    "trainable_parameters": 2090049
  }
}