{
  "tp": 2990,
  "tn": 2910,
  "fp": 105,
  "fn": 38,
  "precision": 0.9660743134087237,
  "recall": 0.987450462351387,
  "f1": 0.9766454352441614,
  "num_samples": 6043,
  "threshold": 0.5,
  "model_info": {
    "vocab_size": 30000,
    "embedding_dim": 64,
    "hidden_size": 64,
    "num_layers": 2,
    "dropout_rate": 0.1886865507333856,
    "dense_hidden": 64,
    "total_parameters": 2094209,
    "trainable_parameters": 2094209
  }
}