{
  "corpus_size": 6956,
  "tp": 2908,
  "tn": 2845,
  "fp": 170,
  "fn": 120,
  "precision": 0.944769330734243,
  "recall": 0.9603698811096433,
  "f1": 0.9525057320668195,
  "num_samples": 6043,
  "threshold": 0.5,
  "model_info": {
    "vocab_size": 30000,
    "embedding_dim": 128,
    "hidden_size": 256,
    "num_layers": 3,
    "dropout_rate": 0.4333006598372393,
    "dense_hidden": 32,
    "total_parameters": 7800897,
    "trainable_parameters": 7800897
  }
}