{
  "trial_index": 10,
  "trial_dir": "D:\\uni-thesis\\data\\models\\tuning\\trial_010",
  "hyperparameters": {
    "max_length": 700,
    "batch_size": 32,
    "embedding_dim": 256,
    "hidden_size": 128,
    "num_layers": 3,
    "dropout_rate": 0.4596391038603459,
    "dense_hidden": 128,
    "learning_rate": 0.0003272487525727931,
    "max_grad_norm": 1.1622004162451312,
    "num_epochs": 2
  },
  "metrics": {
    "tp": 2884,
    "tn": 2969,
    "fp": 46,
    "fn": 144,
    "precision": 0.9843003412969283,
    "recall": 0.952443857331572,
    "f1": 0.9681101040617657,
    "num_samples": 6043,
    "threshold": 0.5,
    "model_info": {
      "vocab_size": 30000,
      "embedding_dim": 256,
      "hidden_size": 128,
      "num_layers": 3,
      "dropout_rate": 0.4596391038603459,
      "dense_hidden": 128,
      "total_parameters": 8898817,
      "trainable_parameters": 8898817
    }
  },
  "score": 0.9681101040617657,
  "score_metric": "f1"
}