{
  "trial_index": 8,
  "trial_dir": "D:\\uni-thesis\\data\\models\\tuning\\trial_008",
  "hyperparameters": {
    "max_length": 500,
    "batch_size": 128,
    "embedding_dim": 256,
    "hidden_size": 64,
    "num_layers": 2,
    "dropout_rate": 0.20719087281667492,
    "dense_hidden": 64,
    "learning_rate": 0.00015100039037946138,
    "max_grad_norm": 2.8134779490530444,
    "num_epochs": 4
  },
  "metrics": {
    "tp": 2859,
    "tn": 2902,
    "fp": 113,
    "fn": 169,
    "precision": 0.9619784656796769,
    "recall": 0.9441875825627477,
    "f1": 0.953,
    "num_samples": 6043,
    "threshold": 0.5,
    "model_info": {
      "vocab_size": 30000,
      "embedding_dim": 256,
      "hidden_size": 64,
      "num_layers": 2,
      "dropout_rate": 0.20719087281667492,
      "dense_hidden": 64,
      "total_parameters": 7952513,
      "trainable_parameters": 7952513
    }
  },
  "score": 0.953,
  "score_metric": "f1"
}