{
  "tp": 2643,
  "tn": 2784,
  "fp": 231,
  "fn": 385,
  "precision": 0.9196242171189979,
  "recall": 0.8728533685601056,
  "f1": 0.8956286004744154,
  "num_samples": 6043,
  "threshold": 0.5,
  "model_info": {
    "vocab_size": 30000,
    "embedding_dim": 64,
    "hidden_size": 256,
    "num_layers": 1,
    "dropout_rate": 0.2392842952595291,
    "dense_hidden": 128,
    "total_parameters": 2645249,
    "trainable_parameters": 2645249
  }
}