{
  "trial_index": 19,
  "trial_dir": "D:\\uni-thesis\\data\\models\\tuning\\trial_019",
  "hyperparameters": {
    "max_length": 500,
    "batch_size": 128,
    "embedding_dim": 256,
    "hidden_size": 64,
    "num_layers": 2,
    "dropout_rate": 0.15251679364478274,
    "dense_hidden": 128,
    "learning_rate": 0.0005129024842562139,
    "max_grad_norm": 1.072354459527886,
    "num_epochs": 2
  },
  "metrics": {
    "tp": 2898,
    "tn": 2885,
    "fp": 83,
    "fn": 109,
    "precision": 0.9721569942972157,
    "recall": 0.963751247090123,
    "f1": 0.967935871743487,
    "num_samples": 5975,
    "threshold": 0.5,
    "model_info": {
      "vocab_size": 30000,
      "embedding_dim": 256,
      "hidden_size": 64,
      "num_layers": 2,
      "dropout_rate": 0.15251679364478274,
      "dense_hidden": 128,
      "total_parameters": 7960833,
      "trainable_parameters": 7960833
    }
  },
  "score": 0.967935871743487,
  "score_metric": "f1"
}