{
  "trial_index": 15,
  "trial_dir": "D:\\uni-thesis\\data\\models\\tuning\\trial_015",
  "hyperparameters": {
    "max_length": 500,
    "batch_size": 64,
    "embedding_dim": 64,
    "hidden_size": 64,
    "num_layers": 2,
    "dropout_rate": 0.32101199781013173,
    "dense_hidden": 32,
    "learning_rate": 0.0015397199093373684,
    "max_grad_norm": 2.6968046945579607,
    "num_epochs": 3
  },
  "metrics": {
    "tp": 2984,
    "tn": 2793,
    "fp": 175,
    "fn": 23,
    "precision": 0.9446027223805001,
    "recall": 0.9923511805786498,
    "f1": 0.9678884203697696,
    "num_samples": 5975,
    "threshold": 0.5,
    "model_info": {
      "vocab_size": 30000,
      "embedding_dim": 64,
      "hidden_size": 64,
      "num_layers": 2,
      "dropout_rate": 0.32101199781013173,
      "dense_hidden": 32,
      "total_parameters": 2090049,
      "trainable_parameters": 2090049
    }
  },
  "score": 0.9678884203697696,
  "score_metric": "f1"
}