{
  "trial_index": 1,
  "trial_dir": "D:\\uni-thesis\\data\\models\\tuning\\trial_001",
  "hyperparameters": {
    "max_length": 500,
    "batch_size": 32,
    "embedding_dim": 256,
    "hidden_size": 128,
    "num_layers": 2,
    "dropout_rate": 0.22812375835208795,
    "dense_hidden": 128,
    "learning_rate": 7.607149126280775e-05,
    "max_grad_norm": 2.3516693616691895,
    "num_epochs": 4
  },
  "metrics": {
    "tp": 2944,
    "tn": 2935,
    "fp": 80,
    "fn": 84,
    "precision": 0.9735449735449735,
    "recall": 0.9722589167767504,
    "f1": 0.9729015201586253,
    "num_samples": 6043,
    "threshold": 0.5,
    "model_info": {
      "vocab_size": 30000,
      "embedding_dim": 256,
      "hidden_size": 128,
      "num_layers": 2,
      "dropout_rate": 0.22812375835208795,
      "dense_hidden": 128,
      "total_parameters": 8503553,
      "trainable_parameters": 8503553
    }
  },
  "score": 0.9729015201586253,
  "score_metric": "f1"
}