{
  "tp": 2910,
  "tn": 2950,
  "fp": 65,
  "fn": 118,
  "precision": 0.9781512605042016,
  "recall": 0.9610303830911493,
  "f1": 0.9695152423788106,
  "num_samples": 6043,
  "threshold": 0.5,
  "model_info": {
    "vocab_size": 30000,
    "embedding_dim": 64,
    "hidden_size": 128,
    "num_layers": 1,
    "dropout_rate": 0.3349040847404463,
    "dense_hidden": 64,
    "total_parameters": 2135169,
    "trainable_parameters": 2135169
  }
}