{
  "corpus_size": 5217,
  "tp": 3028,
  "tn": 0,
  "fp": 3015,
  "fn": 0,
  "precision": 0.5010756246897237,
  "recall": 1.0,
  "f1": 0.6676220923823173,
  "num_samples": 6043,
  "threshold": 0.5,
  "model_info": {
    "vocab_size": 30000,
    "embedding_dim": 128,
    "hidden_size": 256,
    "num_layers": 3,
    "dropout_rate": 0.4333006598372393,
    "dense_hidden": 32,
    "total_parameters": 7800897,
    "trainable_parameters": 7800897
  }
}