{
  "trial_index": 6,
  "trial_dir": "D:\\uni-thesis\\data\\models\\tuning\\trial_006",
  "hyperparameters": {
    "max_length": 700,
    "batch_size": 32,
    "embedding_dim": 64,
    "hidden_size": 64,
    "num_layers": 2,
    "dropout_rate": 0.4948275322312652,
    "dense_hidden": 32,
    "learning_rate": 0.0012221621228809315,
    "max_grad_norm": 1.4503155625979154,
    "num_epochs": 3
  },
  "metrics": {
    "tp": 2956,
    "tn": 2909,
    "fp": 59,
    "fn": 51,
    "precision": 0.9804311774461029,
    "recall": 0.9830395743265713,
    "f1": 0.9817336433078712,
    "num_samples": 5975,
    "threshold": 0.5,
    "model_info": {
      "vocab_size": 30000,
      "embedding_dim": 64,
      "hidden_size": 64,
      "num_layers": 2,
      "dropout_rate": 0.4948275322312652,
      "dense_hidden": 32,
      "total_parameters": 2090049,
      "trainable_parameters": 2090049
    }
  },
  "score": 0.9817336433078712,
  "score_metric": "f1"
}