{
  "tp": 2969,
  "tn": 2957,
  "fp": 58,
  "fn": 59,
  "precision": 0.9808391146349521,
  "recall": 0.9805151915455746,
  "f1": 0.9806771263418662,
  "num_samples": 6043,
  "threshold": 0.5,
  "model_info": {
    "vocab_size": 30000,
    "embedding_dim": 64,
    "hidden_size": 128,
    "num_layers": 2,
    "dropout_rate": 0.5440886082643032,
    "dense_hidden": 32,
    "total_parameters": 2522177,
    "trainable_parameters": 2522177
  }
}