{
  "trial_index": 4,
  "trial_dir": "D:\\uni-thesis\\data\\models\\tuning\\trial_004",
  "hyperparameters": {
    "max_length": 500,
    "batch_size": 64,
    "embedding_dim": 64,
    "hidden_size": 64,
    "num_layers": 2,
    "dropout_rate": 0.1838507318917124,
    "dense_hidden": 64,
    "learning_rate": 0.0004636340512730002,
    "max_grad_norm": 2.5178206831859504,
    "num_epochs": 3
  },
  "metrics": {
    "tp": 2698,
    "tn": 2924,
    "fp": 44,
    "fn": 309,
    "precision": 0.9839533187454412,
    "recall": 0.8972397738609911,
    "f1": 0.9385980170464427,
    "num_samples": 5975,
    "threshold": 0.5,
    "model_info": {
      "vocab_size": 30000,
      "embedding_dim": 64,
      "hidden_size": 64,
      "num_layers": 2,
      "dropout_rate": 0.1838507318917124,
      "dense_hidden": 64,
      "total_parameters": 2094209,
      "trainable_parameters": 2094209
    }
  },
  "score": 0.9385980170464427,
  "score_metric": "f1"
}