{
  "trial_index": 10,
  "trial_dir": "D:\\uni-thesis\\data\\models\\tuning\\trial_010",
  "hyperparameters": {
    "max_length": 500,
    "batch_size": 128,
    "embedding_dim": 128,
    "hidden_size": 128,
    "num_layers": 2,
    "dropout_rate": 0.20000505665472193,
    "dense_hidden": 32,
    "learning_rate": 0.00012418869606398874,
    "max_grad_norm": 1.903420335407877,
    "num_epochs": 3
  },
  "metrics": {
    "tp": 2855,
    "tn": 2785,
    "fp": 183,
    "fn": 152,
    "precision": 0.9397630019749835,
    "recall": 0.9494512803458597,
    "f1": 0.9445822994210092,
    "num_samples": 5975,
    "threshold": 0.5,
    "model_info": {
      "vocab_size": 30000,
      "embedding_dim": 128,
      "hidden_size": 128,
      "num_layers": 2,
      "dropout_rate": 0.20000505665472193,
      "dense_hidden": 32,
      "total_parameters": 4507713,
      "trainable_parameters": 4507713
    }
  },
  "score": 0.9445822994210092,
  "score_metric": "f1"
}