{
  "trial_index": 13,
  "trial_dir": "D:\\uni-thesis\\data\\models\\tuning\\trial_013",
  "hyperparameters": {
    "max_length": 700,
    "batch_size": 32,
    "embedding_dim": 256,
    "hidden_size": 64,
    "num_layers": 2,
    "dropout_rate": 0.41900955643010607,
    "dense_hidden": 64,
    "learning_rate": 7.545417562823602e-05,
    "max_grad_norm": 1.5869131266727625,
    "num_epochs": 3
  },
  "metrics": {
    "tp": 2953,
    "tn": 2669,
    "fp": 299,
    "fn": 54,
    "precision": 0.9080565805658056,
    "recall": 0.9820419022281344,
    "f1": 0.9436012142514778,
    "num_samples": 5975,
    "threshold": 0.5,
    "model_info": {
      "vocab_size": 30000,
      "embedding_dim": 256,
      "hidden_size": 64,
      "num_layers": 2,
      "dropout_rate": 0.41900955643010607,
      "dense_hidden": 64,
      "total_parameters": 7952513,
      "trainable_parameters": 7952513
    }
  },
  "score": 0.9436012142514778,
  "score_metric": "f1"
}