{
  "corpus_size": 6956,
  "tp": 2740,
  "tn": 2918,
  "fp": 97,
  "fn": 288,
  "precision": 0.9658089531194924,
  "recall": 0.904887714663144,
  "f1": 0.9343563512361467,
  "num_samples": 6043,
  "threshold": 0.5,
  "model_info": {
    "vocab_size": 30000,
    "embedding_dim": 64,
    "hidden_size": 64,
    "num_layers": 2,
    "dropout_rate": 0.4948275322312652,
    "dense_hidden": 32,
    "total_parameters": 2090049,
    "trainable_parameters": 2090049
  }
}