{
  "corpus_size": 3478,
  "tp": 1320,
  "tn": 2914,
  "fp": 101,
  "fn": 1708,
  "precision": 0.9289232934553132,
  "recall": 0.43593130779392336,
  "f1": 0.5933917734322319,
  "num_samples": 6043,
  "threshold": 0.5,
  "model_info": {
    "vocab_size": 30000,
    "embedding_dim": 128,
    "hidden_size": 256,
    "num_layers": 3,
    "dropout_rate": 0.4333006598372393,
    "dense_hidden": 32,
    "total_parameters": 7800897,
    "trainable_parameters": 7800897
  }
}