{
  "corpus_size": 17387,
  "tp": 2971,
  "tn": 2912,
  "fp": 103,
  "fn": 57,
  "precision": 0.9664931685100846,
  "recall": 0.9811756935270806,
  "f1": 0.9737790888233366,
  "num_samples": 6043,
  "threshold": 0.5,
  "model_info": {
    "vocab_size": 30000,
    "embedding_dim": 64,
    "hidden_size": 64,
    "num_layers": 2,
    "dropout_rate": 0.4948275322312652,
    "dense_hidden": 32,
    "total_parameters": 2090049,
    "trainable_parameters": 2090049
  }
}